DOI,Title,Authors,Year,Journal,Abstract,URL,Replication Status,Replication URL
10.3386/w34308,"LLM Survey Framework: Coverage, Reasoning, Dynamics, Identification","Jing Cynthia Wu, Jin Xi, Shihan Xie",2025,NBER Working Papers,"We propose a new LLM-based survey framework that enables retrospective coverage, economic reasoning, dynamic effects, and clean identification. We recover human-comparable treatment effects in a multi-wave randomized controlled trial of inflation expectations surveys, at 1/1000 the cost. To demonstrate the framework’s full potential, we extend the benchmark human survey (10 waves, 2018–2023) to over 50 waves dating back to 1990. We further examine the economic mechanisms underlying agents’ expectation formation, identifying the mean-reversion and individual-attention channels. Finally, we trace dynamic treatment effects and demonstrate clean identification. Together, these innovations demonstrate that LLM surveys enable research designs unattainable with human surveys.",,,
10.3386/w33598,Cloze Encounters: The Impact of Pirated Data Access on LLM Performance,"Stella Jia, Abhishek Nagaraj",2025,NBER Working Papers,"Large Language Models (LLMs) have demonstrated remarkable capabilities in text generation, but their performance may be influenced by the datasets on which they are trained, including potentially unauthorized or pirated content. We investigate the extent to which data access through pirated books influences LLM responses. We test the performance of leading foundation models (GPT, Claude, Llama, and Gemini) on a set of books that were and were not included in the Books3 dataset, which contains full-text pirated books and could be used for LLM training. We assess book-level performance using the “name cloze” word-prediction task. To examine the causal effect of Books3 inclusion we employ an instrumental variables strategy that exploits the pattern of book publication years in the Books3 dataset. In our sample of 12,916 books, we find significant improvements in LLM name cloze accuracy on books available within the Books3 dataset compared to those not present in these data. These effects are more pronounced for less popular books as compared to more popular books and vary across leading models. These findings have crucial implications for the economics of digitization, copyright policy, and the design and training of AI systems.",,,
10.3386/w33198,Generative AI for Economic Research: LLMs Learn to Collaborate and Reason,Anton Korinek,2024,NBER Working Papers,"Large language models (LLMs) have seen remarkable progress in speed, cost efficiency, accuracy, and the capacity to process larger amounts of text over the past year. This article is a practical guide to update economists on how to use these advancements in their research. The main innovations covered are (i) new reasoning capabilities, (ii) novel workspaces for interactive LLM collaboration such as Claude's Artifacts, ChatGPT's Canvas or Microsoft's Copilot, and (iii) recent improvements in LLM-powered internet search. Incorporating these capabilities in their work allows economists to achieve significant productivity gains. Additionally, I highlight new use cases in promoting research, such as automatically generated blog posts, presentation slides and interviews as well as podcasts via Google's NotebookLM.",,,
10.3386/w32327,Recovering Overlooked Information in Categorical Variables with LLMs: An Application to Labor Market Mismatch,"Yi Chen, Hanming Fang, Yi Zhao, Zibo Zhao",2024,NBER Working Papers,"Categorical variables have no intrinsic ordering, and researchers often adopt a fixed-effect (FE) approach in empirical analysis. However, this approach has two significant limitations: it overlooks textual labels associated with the categorical variables; and it produces unstable results when there are only limited observations in a category. In this paper, we propose a novel method that utilizes recent advances in large language models (LLMs) to recover overlooked information in categorical variables. We apply this method to investigate labor market mismatch. Specifically, we task LLMs with simulating the role of a human resources specialist to assess the suitability of an applicant with specific characteristics for a given job. Our main findings can be summarized in three parts. First, using comprehensive administrative data from an online job posting platform, we show that our new match quality measure is positively correlated with several traditional measures in the literature, and at the same time, we highlight the LLM's capability to provide additional information conditional on the traditional measures. Second, we demonstrate the broad applicability of the new method with a survey data containing significantly less information than the administrative data, which makes it impossible to compute most of the traditional match quality measures. Our LLM measure successfully replicates most of the salient patterns observed in a hard-to-access administrative dataset using easily accessible survey data. Third, we investigate the gender gap in match quality and explore whether there exists gender stereotypes in the hiring process. We simulate an audit study, examining whether revealing gender information to LLMs influences their assessment. We show that when gender information is disclosed to the GPT, the model deems females better suited for traditionally female-dominated roles.",,,
10.3386/w33344,Large Language Models: An Applied Econometric Framework,"Jens Ludwig, Sendhil Mullainathan, Ashesh Rambachan",2025,NBER Working Papers,"Large language models (LLMs) enable researchers to analyze text at unprecedented scale and minimal cost. Researchers can now revisit old questions and tackle novel ones with rich data. We provide an econometric framework for realizing this potential in two empirical uses. For prediction problems – forecasting outcomes from text – valid conclusions require “no training leakage” between the LLM’s training data and the researcher’s sample, which can be enforced through careful model choice and research design. For estimation problems – automating the measurement of economic concepts for downstream analysis – valid downstream inference requires combining LLM outputs with a small validation sample to deliver consistent and precise estimates. Absent a validation sample, researchers cannot assess possible errors in LLM outputs, and consequently seemingly innocuous choices (which model, which prompt) can produce dramatically different parameter estimates. When used appropriately, LLMs are powerful tools that can expand the frontier of empirical economics.",,,
10.3386/w30957,Language Models and Cognitive Automation for Economic Research,Anton Korinek,2023,NBER Working Papers,"Large language models (LLMs) such as ChatGPT have the potential to revolutionize research in economics and other disciplines. I describe 25 use cases along six domains in which LLMs are starting to become useful as both research assistants and tutors: ideation, writing, background research, data analysis, coding, and mathematical derivations. I provide general instructions and demonstrate specific examples for how to take advantage of each of these, classifying the LLM capabilities from experimental to highly useful. I hypothesize that ongoing advances will improve the performance of LLMs across all of these domains, and that economic researchers who take advantage of LLMs to automate micro tasks will become significantly more productive. Finally, I speculate on the longer-term implications of cognitive automation via LLMs for economic research.",,,
10.3386/w33033,Theorizing with Large Language Models,"Matteo Tranchero, Cecil-Francis Brenninkmeijer, Arul Murugan, Abhishek Nagaraj",2024,NBER Working Papers,"Large Language Models (LLMs) are proving to be a powerful toolkit for management and organizational research. While early work has largely focused on the value of these tools for data processing and replicating survey-based research, the potential of LLMs for theory building is yet to be recognized. We argue that LLMs can accelerate the pace at which researchers can develop, validate, and extend strategic management theory. We propose a novel framework called Generative AI-Based Experimentation (GABE) that enables researchers to conduct exploratory in silico experiments that can mirror the complexities of real-world organizational settings, featuring multiple agents and strategic interdependencies. This approach is unique because it allows researchers to unpack the mechanisms behind results by directly modifying agents’ roles, preferences, and capabilities, and asking them to reveal the explanations behind decisions. We apply this framework to a novel theory studying strategic exploration under uncertainty. We show how our framework can not only replicate the results from experiments with human subjects at a much lower cost, but can also be used to extend theory by clarifying boundary conditions and uncovering mechanisms. We conclude that LLMs possess tremendous potential to complement existing methods for theorizing in strategy and, more broadly, the social sciences.",,,
10.3386/w34255,How People Use ChatGPT,"Aaron Chatterji, Thomas Cunningham, David J. Deming, Zoe Hitzig, Christopher Ong, Carl Yan Shan, Kevin Wadman",2025,NBER Working Papers,"Despite the rapid adoption of LLM chatbots, little is known about how they are used. We document the growth of ChatGPT’s consumer product from its launch in November 2022 through July 2025, when it had been adopted by around 10% of the world’s adult population. Early adopters were disproportionately male but the gender gap has narrowed dramatically, and we find higher growth rates in lower-income countries. Using a privacy-preserving automated pipeline, we classify usage patterns within a representative sample of ChatGPT conversations. We find steady growth in work-related messages but even faster growth in non-work-related messages, which have grown from 53% to more than 70% of all usage. Work usage is more common for educated users in highly-paid professional occupations. We classify messages by conversation topic and find that “Practical Guidance,” “Seeking Information,” and “Writing” are the three most common topics and collectively account for nearly 80% of all conversations. Writing dominates work-related tasks, highlighting chatbots’ unique ability to generate digital outputs compared to traditional search engines. Computer programming and self-expression both represent relatively small shares of use. Overall, we find that ChatGPT provides economic value through decision support, which is especially important in knowledge-intensive jobs.",,,
10.3386/w31122,Large Language Models as Simulated Economic Agents: What Can We Learn from Homo Silicus?,John J. Horton,2023,NBER Working Papers,"Newly-developed large language models (LLM)—because of how they are trained and designed—are implicit computational models of humans—a homo silicus. LLMs can be used like economists use homo economicus: they can be given endowments, information, preferences, and so on, and then their behavior can be explored in scenarios via simulation. Experiments using this approach, derived from Charness and Rabin (2002), Kahneman, Knetsch and Thaler (1986), and Samuelson and Zeckhauser (1988) show qualitatively similar results to the original, but it is also easy to try variations for fresh insights. LLMs could allow researchers to pilot studies via simulation first, searching for novel social science insights to test in the real world.",,,
10.3386/w34202,AI Agents for Economic Research,Anton Korinek,2025,NBER Working Papers,"The objective of this paper is to demystify AI agents - autonomous LLM-based systems that plan, use tools, and execute multi-step research tasks - and to provide hands-on instructions for economists to build their own, even if they do not have programming expertise. As AI has evolved from simple chatbots to reasoning models and now to autonomous agents, the main focus of this paper is to make these powerful tools accessible to all researchers. Through working examples and step-by-step code, it shows how economists can create agents that autonomously conduct literature reviews across myriads of sources, write and debug econometric code, fetch and analyze economic data, and coordinate complex research workflows. The paper demonstrates that by ""vibe coding"" (programming through natural language) and building on modern agentic frameworks like LangGraph, any economist can build sophisticated research assistants and other autonomous tools in minutes. By providing complete, working implementations alongside conceptual frameworks, this guide demonstrates how to employ AI agents in every stage of the research process, from initial investigation to final analysis.",,,
10.3386/w31679,Generation Next: Experimentation with AI,"Gary Charness, Brian Jabarian, John A. List",2023,NBER Working Papers,"We investigate the potential for Large Language Models (LLMs) to enhance scientific practice within experimentation by identifying key areas, directions, and implications. First, we discuss how these models can improve experimental design, including improving the elicitation wording, coding experiments, and producing documentation. Second, we delve into the use of LLMs in experiment implementation, with an emphasis on bolstering causal inference through creating consistent experiences, improving instruction comprehension, and real-time monitoring of participant engagement. Third, we underscore the role of LLMs in analyzing experimental data, encompassing tasks like pre-processing, data cleaning, and assisting reviewers and replicators in examining studies. Each of these tasks improves the probability of reporting accurate findings. Lastly, we suggest a scientific governance framework that mitigates the potential risks of using LLMs in experimental research while amplifying their advantages. This could pave the way for open science opportunities and foster a culture of policy and industry experimentation at scale.",,,
10.3386/w33814,Decoding China's Industrial Policies,"Hanming Fang, Ming Li, Guangli Lu",2025,NBER Working Papers,"We decode China’s industrial policies from 2000 to 2022 by employing large language models (LLMs) to extract and analyze rich information from a comprehensive dataset of 3 million documents issued by central, provincial, and municipal governments. Through careful prompt engineering, multistage extraction and refinement, and rigorous verification, we use LLMs to classify the industrial policy documents and extract structured information on policy objectives, targeted industries, policy tones (supportive or regulatory/suppressive), policy tools, implementation mechanisms, and intergovernmental relationships, etc. Combining these newly constructed industrial policy data with micro-level firm data, we document four sets of facts about China's industrial policy that explore the following questions: What are the economic and political foundations of the targeted industries? What policy tools are deployed? How do policy tools vary across different levels of government and regions, as well as over the phases of an industry's development? What are the impacts of these policies on firm behavior, including entry, production, and productivity growth? We also explore the political economy of industrial policy, focusing on top-down transmission mechanisms, policy persistence, and policy diffusion across regions. Finally, we document spatial inefficiencies and industry-wide overcapacity as potential downsides of industrial policies.",,,
10.3386/w33363,AI-Powered (Finance) Scholarship,"Robert Novy-Marx, Mihail Z. Velikov",2025,NBER Working Papers,"This paper describes a process for automatically generating academic finance papers using large language models (LLMs). It demonstrates the process’ efficacy by producing hundreds of complete papers on stock return predictability, a topic particularly well-suited for our illustration. We first mine over 30,000 potential stock return predictor signals from accounting data, and apply the Novy-Marx and Velikov (2024) “Assaying Anomalies” protocol to generate standardized “template reports” for 96 signals that pass the protocol’s rigorous criteria. Each report details a signal’s performance predicting stock returns using a wide array of tests and benchmarks it to more than 200 other known anomalies. Finally, we use state-of-the-art LLMs to generate three distinct complete versions of academic papers for each signal. The different versions include creative names for the signals, contain custom introductions providing different theoretical justifications for the observed predictability patterns, and incorporate citations to existing (and, on occasion, imagined) literature supporting their respective claims. This experiment illustrates AI’s potential for enhancing financial research efficiency, but also serves as a cautionary tale, illustrating how it can be abused to industrialize HARKing (Hypothesizing After Results are Known).",,,
10.3386/w34020,Geoeconomic Pressure,"Christopher Clayton, Antonio Coppola, Matteo Maggiori, Jesse Schreger",2025,NBER Working Papers,"Geoeconomic pressure—the use of existing economic relationships by governments to achieve geopolitical or economic goals—is a prominent feature of global power dynamics. This paper introduces a methodology using large language models (LLMs) to systematically identify the application of and response to geoeconomic pressure from large textual corpora. We classify which governments apply pressure to which foreign targets, using which instruments, firms, and products. We demonstrate that firms affected by tariffs respond primarily with price changes whereas firms affected by export controls respond disproportionately by investing in research and development. We document significant heterogeneity in how firms respond to pressure based on whether their home government is applying the pressure, whether their home country is the recipient of the pressure, or whether they are based in an affected third party country. Finally, we quantify the degree of measurement uncertainty generated by the LLM-based analysis by comparing the classifications across multiple open-weight models as well as considering a wide range of variations of our prompts.",,,
10.3386/w32381,Automated Social Science: Language Models as Scientist and Subjects,"Benjamin S. Manning, Kehang Zhu, John J. Horton",2024,NBER Working Papers,"We present an approach for automatically generating and testing, in silico, social scientific hypotheses. This automation is made possible by recent advances in large language models (LLM), but the key feature of the approach is the use of structural causal models. Structural causal models provide a language to state hypotheses, a blueprint for constructing LLM-based agents, an experimental design, and a plan for data analysis. The fitted structural causal model becomes an object available for prediction or the planning of follow-on experiments. We demonstrate the approach with several scenarios: a negotiation, a bail hearing, a job interview, and an auction. In each case, causal relationships are both proposed and tested by the system, finding evidence for some and not others. We provide evidence that the insights from these simulations of social interactions are not available to the LLM purely through direct elicitation. When given its proposed structural causal model for each scenario, the LLM is good at predicting the signs of estimated effects, but it cannot reliably predict the magnitudes of those estimates. In the auction experiment, the in silico simulation results closely match the predictions of auction theory, but elicited predictions of the clearing prices from the LLM are inaccurate. However, the LLM's predictions are dramatically improved if the model can condition on the fitted structural causal model. In short, the LLM knows more than it can (immediately) tell.",,,
10.3386/w33373,American Life Histories,"David Lagakos, Stelios Michalopoulos, Hans-Joachim Voth",2025,NBER Working Papers,"What does it take to live a meaningful life? We exploit a unique corpus of over 1,400 life narratives of older Americans collected by a team of writers during the 1930s. We combine detailed human readings with large language models (LLMs) to extract systematic information on critical junctures, sources of meaning, and overall life satisfaction. Under specific conditions, LLMs can provide responses to complex questions that are indistinguishable from those of human readers, effectively passing a version of the Turing Test. We find that sources of life meaning are more varied than previous research suggested, underlining the importance of work and community contributions in addition to family and close relationships (emphasized by earlier work). The narratives also highlight gendered disparities, with women disproportionately citing adverse family events, such as the loss of a parent, underscoring their role as keepers of the kin. Our research expands our understanding of human flourishing during a transformative period in American history and establishes a robust and scalable framework for exploring subjective well-being across diverse historical and cultural contexts.",,,
10.3386/w32262,Measuring the Commercial Potential of Science,"Roger Masclans, Sharique Hasan, Wesley M. Cohen",2024,NBER Working Papers,"We develop an ex-ante measure of commercial potential of science, an otherwise unobservable variable driving the performance of innovation-intensive firms. To do so, we rely on LLMs and neural networks to predict whether scientific articles will influence firms’ use of science. Incorporating time-varying models and the quantification of uncertainty, the measure is validated through both traditional methods and out-of-sample exercises, leveraging a major university’s technology transfer data. To illustrate the methodological contributions of our measure, we apply it to examining the impacts of university reputation and university privatization of science, finding that firms’ reliance on reputation may lead to foregone opportunities, and privatization (i.e., patenting) appears to increase firms’ use of the science of one university. We make our measure and method available to researchers.",,,
10.3386/w33139,Concentrating Intelligence: Scaling and Market Structure in Artificial Intelligence,"Anton Korinek, Jai Vipra",2024,NBER Working Papers,"This paper examines the evolving structure and competition dynamics of the rapidly growing market for foundation models, with a focus on large language models (LLMs). We describe the technological characteristics that shape the AI industry and have given rise to fierce competition among the leading players. The paper analyzes the cost structure of foundation models, emphasizing the importance of key inputs such as computational resources, data, and talent, and identifies significant economies of scale and scope that may create a tendency towards greater market concentration in the future. We explore two concerns for competition, the risk of market tipping and the implications of vertical integration, and we evaluate policy remedies that aim to maintain a competitive landscape. Looking ahead to increasingly transformative AI systems, we discuss how market concentration could translate into unprecedented accumulation of power, highlighting the broader societal stakes of competition policy.",,,
10.3386/w34475,Stablecoins: A Revolutionary Payment Technology with Financial Risks,"Rashad Ahmed, James A. Clouse, Fabio Natalucci, Alessandro Rebucci, Geyue Sun",2025,NBER Working Papers,"The GENIUS Act, recently signed into law, establishes a dual federal and state regulatory framework for stablecoins, effectively segmenting the USD stablecoin market into GENIUS-compliant stablecoins and those that are not. This paper discusses the use cases and potential benefits of stablecoins in terms of payment system efficiency and costs, as well as their substitutability with money market mutual funds and bank deposits. It then analyzes the financial stability risks associated with both GENIUS-compliant and unregulated stablecoins using empirical analysis and historical case studies. It concludes by discussing the economic implications of the emergence of a large dollar stablecoin ecosystem. The discussion is supported by a new survey of expert opinions canvassed through Large Language Model (LLM) analysis of all U.S. podcast episodes on stablecoins from January 20 to July 17, 2025.",,,
10.3386/w31925,The Impact of AI and Cross-Border Data Regulation on International Trade in Digital Services: A Large Language Model,"Ruiqi Sun, Daniel Trefler",2023,NBER Working Papers,"The rise of artificial intelligence (AI) and of cross-border restrictions on data flows has created a host of new questions and related policy dilemmas. This paper addresses two questions: How is digital service trade shaped by (1) AI algorithms and (2) by the interplay between AI algorithms and cross-border restrictions on data flows? Answers lie in the palm of your hand: From London to Lagos, mobile app users trigger international transactions when they open AI-powered foreign apps. We have 2015-2020 usage data for the most popular 35,575 mobile apps and, to quantify the AI deployed in each of these apps, we use a large language model (LLM) to link each app to each of the app developer's AI patents. (This linkage of specific products to specific patents is a methodological innovation.) Armed with data on app usage by country, with AI deployed in each app, and with an instrument for AI (a Heckscher-Ohlin cost-shifter), we answer our two questions. (1) On average, AI causally raises an app's number of foreign users by 2.67 log points or by more than 10-fold. (2) The impact of AI on foreign users is halved if the foreign users are in a country with strong restrictions on cross-border data flows. These countries are usually autocracies. We also provide a new way of measuring AI knowledge spillovers across firms and find large spillovers. Finally, our work suggests numerous ways in which LLMs such as ChatGPT can be used in other applications.",,,
10.1093/qje/qjae044,Generative AI at Work,"Erik Brynjolfsson, Danielle Li, Lindsey Raymond",2025,The Quarterly Journal of Economics,,,,
10.3386/w30823,"Monopsony, Job Tasks, and Labor Market Concentration","Samuel Dodini, Michael F. Lovenheim, Kjell G. Salvanes, Alexander Willén",2023,NBER Working Papers,,,,
10.3386/w33076,AI and Finance,"Andrea L. Eisfeldt, Gregor Schubert",2024,NBER Working Papers,,,,
10.1257/app.20230227,"Childcare, Labor Supply, and Business Development: Experimental Evidence from Uganda","Kjetil Bjorvatn, Denise Ferris, Selim Gulesci, Arne Nasgowitz, Vincent Somville, Lore Vandewalle",2025,American Economic Journal: Applied Economics,,,partial_data,https://www.openicpsr.org/openicpsr/project/197964/version/V1/view
10.3386/w34495,Laptops in the Long Run: Evidence from the One Laptop per Child Program in Rural Peru,"Santiago Cueto, Diether W. Beuermann, Julian Cristia, Ofer Malamud, Francisco Pardo",2025,NBER Working Papers,,,,
10.3386/w34244,Exposure to Science and Scientific Careers: Evidence from Minimum Wage Increases and University Lab Employment,"Ina Ganguli, Raviv Murciano-Goroff",2025,NBER Working Papers,,,,
10.3386/w33921,Increasing Degree Attainment Among Low-Income Students: The Role of Intensive Advising and College Quality,"Andrew C. Barr, Benjamin L. Castleman",2025,NBER Working Papers,,,,
10.3386/w32264,Attribute-based Subsidies and Market Power: an Application to Electric Vehicles,"Panle Jia Barwick, Hyuk-Soo Kwon, Shanjun Li",2024,NBER Working Papers,,,,
10.3386/w32296,Marginal Returns to Public Universities,Jack Mountjoy,2024,NBER Working Papers,,,,
10.3386/w31906,Schooling and Intergenerational Mobility: Consequences of Expanding Higher Education Institutions,"Noemí Katzkowicz, Victor Lavy, Martina Querejeta, Tatiana Rosá",2023,NBER Working Papers,,,,
10.1257/app.20200137,Winners and Losers? The Effect of Gaining and Losing Access to Selective Colleges on Education and Labor Market Outcomes,"Sandra E. Black, Jeffrey T. Denning, Jesse Rothstein",2022,American Economic Journal: Applied Economics,,,no_data,https://www.openicpsr.org/openicpsr/project/142541/version/V1/view
10.3386/w29933,"Returns to Different Postsecondary Investments: Institution Type, Academic Programs, and Credentials","Michael F. Lovenheim, Jonathan Smith",2022,NBER Working Papers,,,,
10.3386/w30054,Addressing Non-Financial Barriers to College Access and Success: Evidence and Policy Implications,"Susan Dynarski, Aizat Nurshatayeva, Lindsay C. Page, Judith Scott-Clayton",2022,NBER Working Papers,,,,
10.3386/w29726,Empirical Strategies in Economics: Illuminating the Path from Cause to Effect,Joshua Angrist,2022,NBER Working Papers,,,,
10.1257/aer.20151723,Quantifying the Supply Response of Private Schools to Public Policies,"Michael Dinerstein, Troy D. Smith",2021,American Economic Review,,,partial_data,https://www.openicpsr.org/openicpsr/project/141201/version/V1/view
10.1086/711951,Can Health Insurance Competition Work? Evidence from Medicare Advantage,"Vilsa Curto, Liran Einav, Jonathan Levin, Jay Bhattacharya",2020,Journal of Political Economy,,,,
10.3386/w26006,The Medium-Term Impacts of Girl-Friendly Schools: Seven-Year Evidence from School Construction in Burkina Faso,"Harounan Kazianga, Leigh L. Linden, Ali Protik, Matthew Sloan",2019,NBER Working Papers,,,,
10.3386/w26110,"Credit Building or Credit Crumbling? A Credit Builder Loan’s Effects on Consumer Behavior, Credit Scores and Their Predictive Power","Jeremy Burke, Julian Jamison, Dean Karlan, Kata Mihaly, Jonathan Zinman",2019,NBER Working Papers,,,,
10.3386/w24852,Any Press is Good Press? The Unanticipated Effects of Title IX Investigations on University Outcomes,"Jason M. Lindo, Dave E. Marcotte, Jane E. Palmer, Isaac D. Swensen",2018,NBER Working Papers,,,,
10.3386/w23922,School District Reform in Newark: Within- and Between-School Changes in Achievement Growth,"Mark J. Chin, Thomas J. Kane, Whitney Kozakowski, Beth E. Schueler, Douglas O. Staiger",2017,NBER Working Papers,,,,
10.3386/w23668,Subsidizing Health Insurance for Low-Income Adults: Evidence from Massachusetts,"Amy Finkelstein, Nathaniel Hendren, Mark Shepard",2017,NBER Working Papers,,,,
10.3386/w22502,Charter Schools and Labor Market Outcomes,"Will S. Dobbie, Roland G. Fryer, Jr",2016,NBER Working Papers,,,,
10.3386/w22036,How Did Pre-Fed Banking Panics End?,"Gary Gorton, Ellis W. Tallman",2016,NBER Working Papers,,,,
10.3386/w21580,Losing Medicaid: What happens to hospitalizations?,"Sebastian Tello Trillo, Ausmita Ghosh, Kosali Simon, Johanna Catherine Maclean",2015,NBER Working Papers,,,,
10.3386/w19401,Insurer Competition in Health Care Markets,"Kate Ho, Robin S. Lee",2013,NBER Working Papers,,,,
10.3386/w18117,Democracy and Reforms: Evidence from a New Dataset,"Paola Giuliano, Prachi Mishra, Antonio Spilimbergo",2012,NBER Working Papers,,,,
10.3386/w32161,ChatGPT and Corporate Policies,"Manish Jha, Jialin Qian, Michael Weber, Baozhong Yang",2024,NBER Working Papers,,,,
10.3386/w33651,Asset Embeddings,"Xavier Gabaix, Ralph S. J. Koijen, Robert J. Richmond, Motohiro Yogo",2025,NBER Working Papers,,,,
10.3386/w32474,"Old Moats for New Models: Openness, Control, and Competition in Generative AI","Pierre Azoulay, Joshua L. Krieger, Abhishek Nagaraj",2024,NBER Working Papers,,,,
10.1257/app.20210194,Emigration and Entrepreneurial Drain,"Massimo Anelli, Gaetano Basso, Giuseppe Ippedico, Giovanni Peri",2023,American Economic Journal: Applied Economics,,,partial_data,https://www.openicpsr.org/openicpsr/project/157361/version/V1/view
10.3386/w31222,Generative AI and Firm Values,"Andrea L. Eisfeldt, Gregor Schubert, Miao Ben Zhang",2023,NBER Working Papers,,,,
10.3386/w34446,Investor Beliefs and Expectation Formation,"Stefano Giglio, Matteo Maggiori, Joachim Rillo, Johannes Stroebel, Stephen P. Utkus, Xiao Xu",2025,NBER Working Papers,,,,
10.3386/w32013,Haste or Waste? The Role of Presale in Residential Housing,"Ziyang Chen, Maggie Rong Hu, Ginger Zhe Jin, Qiyao Zhou",2024,NBER Working Papers,,,,
10.1257/aer.20150958,The Political Legacy of Entertainment TV,"Ruben Durante, Paolo Pinotti, Andrea Tesei",2019,American Economic Review,,,unanalyzed_repo,https://www.openicpsr.org/openicpsr/project/116167/version/V1/view
10.1093/rfs/hhaf004,Build or Buy? Human Capital and Corporate Diversification,"Paul Beaumont, Camille Hebert, Victor Lyonnet",2025,The Review of Financial Studies,,,no_repository,
10.3386/w33219,Careers and Wages in Family Firms: Evidence from Matched Employer-Employee Data,"Edoardo Di Porto, Marco Pagano, Vincenzo Pezone, Raffaele Saggio, Fabiano Schivardi",2024,NBER Working Papers,,,,
10.1257/aer.20230490,"Labor Market Power, Self-Employment, and Development","Francesco Amodio, Pamela Medina, Monica Morlacco",2025,American Economic Review,,,partial_data,https://www.openicpsr.org/openicpsr/project/219907/version/V1/view
10.3386/w31988,Labor Market Tightness and Union Activity,"Chantal Pezold, Simon Jäger, Patrick Nüss",2023,NBER Working Papers,,,,
10.3386/w25157,Mortgage Prepayment and Path-Dependent Effects of Monetary Policy,"David W. Berger, Konstantin Milbradt, Fabrice Tourre, Joseph Vavra",2018,NBER Working Papers,,,,
10.3386/w33998,AI and the Fed,"Sophia Kazinnik, Erik Brynjolfsson",2025,NBER Working Papers,,,,
10.3386/w33536,"AI and the Extended Workday: Productivity, Contracting Efficiency, and Distribution of Rents","Wei Jiang, Junyoung Park, Rachel (Jiqiu) Xiao, Shen Zhang",2025,NBER Working Papers,,,,
10.3386/w33944,"Funding the U.S. Scientific Training Ecosystem: New Data, Methods, and Evidence","Dror Shvadron, Hansen Zhang, Lee Fleming, Daniel P. Gross",2025,NBER Working Papers,,,,
10.3386/w32869,The Politicization of Social Responsibility,"Todd A. Gormley, Manish Jha, Meng Wang",2024,NBER Working Papers,,,,
10.1257/app.20210280,Employer Concentration and Wages for Specialized Workers,Anna Thoresson,2023,American Economic Journal: Applied Economics,,,unanalyzed_repo,https://www.openicpsr.org/openicpsr/project/178981/version/V1/view
10.3386/w26055,"Youth Drain, Entrepreneurship and Innovation","Massimo Anelli, Gaetano Basso, Giuseppe Ippedico, Giovanni Peri",2019,NBER Working Papers,,,,
10.3386/w33507,Knightian Uncertainty and Bayesian Entrepreneurship,Joshua S. Gans,2025,NBER Working Papers,,,,
10.3386/w26731,Globotics and Development: When Manufacturing is Jobless and Services are Tradable,"Richard Baldwin, Rikard Forslid",2020,NBER Working Papers,,,,
10.1016/j.jeconom.2025.105948,Central bank mandates and monetary policy stances: Through the lens of Federal Reserve speeches,"Christoph Bertsch, Isaiah Hull, Robin L. Lumsdaine, Xin Zhang",2025,Journal of Econometrics,,,,
10.3386/w33700,"Ethnographic Records, Folklore, and AI",Stelios Michalopoulos,2025,NBER Working Papers,,,,
10.3386/w34386,"Technology and Labor Markets: Past, Present, and Future; Evidence from Two Centuries of Innovation","Huben Liu, Dimitris Papanikolaou, Lawrence D.W. Schmidt, Bryan Seegmiller",2025,NBER Working Papers,,,,
10.3386/w34575,Financializing the Professions: The Rise of Private Equity in Accounting,"Inna Abramova, John M. Barrios",2025,NBER Working Papers,,,,
10.3386/w33605,Worker Rights in Collective Bargaining,"Benjamin W. Arold, Elliott Ash, W. Bentley MacLeod, Suresh Naidu",2025,NBER Working Papers,,,,
10.3386/w33662,Measuring Human Leadership Skills with AI Agents,"Ben Weidmann, Yixian Xu, David J. Deming",2025,NBER Working Papers,,,,
10.3386/w34415,Ideology in Government: Evidence from the Office of Indian Affairs and the Assimilation Era,"Eric Chyn, Kareem Haggag, Christian Maruthiah",2025,NBER Working Papers,,,,
10.3386/w33877,Trade and Industrial Policy in Supply Chains: Directed Technological Change in Rare Earths,"Laura Alfaro, Harald Fadinger, Jan S. Schymik, Gede Virananda",2025,NBER Working Papers,,,,
10.3386/w32934,Patent Text and Long-Run Innovation Dynamics: The Critical Role of Model Selection,"Ina Ganguli, Jeffrey Lin, Vitaly Meursault, Nicholas F. Reynolds",2024,NBER Working Papers,,,,
10.3386/w33171,Investing in Customer Capital,"Bianca He, Lauren I. Mostrom, Amir Sufi",2024,NBER Working Papers,,,,
10.3386/w32137,Monetary Policy Wedges and the Long-term Liabilities of Households and Firms,"Jules H. van Binsbergen, Marco Grotteria",2024,NBER Working Papers,,,,
10.3386/w31203,Randomized Regulation: The Impact of Minimum Quality Standards on Health Markets,"Guadalupe Bedoya, Jishnu Das, Amy Dolinger",2023,NBER Working Papers,,,,
10.1016/j.jfineco.2025.104007,Global Business Networks,"Christian Breitung, Sebastian Müller",2025,Journal of Financial Economics,,,partial_data,https://data.mendeley.com/datasets/gdwm3m9xjz/1
10.3386/w34139,What Do (Thousands of) Unions Do? Union-Specific Pay Premia and Inequality,"Ellora Derenoncourt, François Gerard, Lorenzo Lagos, Claire Montialoux",2025,NBER Working Papers,,,,
10.3386/w33351,Artificial Intelligence Asset Pricing Models,"Bryan T. Kelly, Boris Kuznetsov, Semyon Malamud, Teng Andrea Xu",2025,NBER Working Papers,,,,
10.3386/w33566,A Quest for AI Knowledge,Joshua S. Gans,2025,NBER Working Papers,,,,
10.3386/w33509,Artificial Intelligence and the Labor Market,"Menaka Hampole, Dimitris Papanikolaou, Lawrence D.W. Schmidt, Bryan Seegmiller",2025,NBER Working Papers,,,,
10.3386/w34463,Path Dependence in the Labor Market: The Long-run Effects of Early Career Occupational Experience,"Jesse Bruhn, Jacob Fabian, Luke Gallagher, Matthew Gudgeon, Adam Isen, Aaron R. Phipps",2025,NBER Working Papers,,,,
10.3386/w34492,The Logic of State Surveillance,"Gemma Dipoppa, Annalisa Pezone",2025,NBER Working Papers,,,,
10.3386/w34539,Moral Regulation and Cultural Production: Evidence from Hollywood,"Ruixue Jia, David Strömberg",2025,NBER Working Papers,,,,
10.3386/w34082,Can Author Manipulation of AI Referees be Welfare Improving?,Joshua S. Gans,2025,NBER Working Papers,,,,
10.3386/w34174,How Retrainable are AI-Exposed Workers?,"Benjamin G. Hyman, Benjamin Lahey, Karen Ni, Laura Pilossoph",2025,NBER Working Papers,,,,
10.3386/w34223,Artificial Writing and Automated Detection,"Brian Jabarian, Alex Imas",2025,NBER Working Papers,,,,
10.3386/w34256,A Research Agenda for the Economics of Transformative AI,"Erik Brynjolfsson, Anton Korinek, Ajay K. Agrawal",2025,NBER Working Papers,,,,
10.3386/w32421,Understanding Economic Behavior Using Open-ended Survey Data,"Ingar K. Haaland, Christopher Roth, Stefanie Stantcheva, Johannes Wohlfart",2024,NBER Working Papers,,,,
10.3386/w32698,Intellectual Property and Creative Machines,"Gaétan de Rassenfosse, Adam B. Jaffe, Joel Waldfogel",2024,NBER Working Papers,,,,
10.3386/w32993,China: Autocracy 2.0,David Y. Yang,2024,NBER Working Papers,,,,
10.3386/w33021,"The ABC’s of Who Benefits from Working with AI: Ability, Beliefs, and Calibration","Andrew Caplin, David J. Deming, Shangwen Li, Daniel J. Martin, Philip Marx, Ben Weidmann, Kadachi Jiada Ye",2024,NBER Working Papers,,,,
10.3386/w33025,12 Best Practices for Leveraging Generative AI in Experimental Research,"Samuel Chang, Andrew Kennedy, Aaron Leonard, John A. List",2024,NBER Working Papers,,,,
10.3386/w31771,When Product Markets Become Collective Traps: The Case of Social Media,"Leonardo Bursztyn, Benjamin R. Handel, Rafael Jimenez, Christopher Roth",2023,NBER Working Papers,,,,
10.3386/w31948,"The World’s Rust Belts: The Heterogeneous Effects of Deindustrialization on 1,993 Cities in Six Countries","Luisa Gagliardi, Enrico Moretti, Michel Serafinelli",2023,NBER Working Papers,,,,
10.3386/w28034,U.S. Robots and their Impacts in the Tropics: Evidence from Colombian Labor Markets,"Adriana D. Kugler, Maurice Kugler, Laura Ripani, Rodimiro Rodrigo",2020,NBER Working Papers,,,,
10.1093/rfs/hhu021,Learning from Stock Prices and Economic Growth,Joël Peress,2014,The Review of Financial Studies,,,,
10.1086/737233,Artificial Intelligence in the Knowledge Economy,"Enrique Ide, Eduard Talamàs",2025,Journal of Political Economy,,,,
10.3386/w33667,Adjusters and Casualties: The Anatomy of Labor Market Displacement,"Eric A. Hanushek, Simon Janssen, Jacob D. Light, Lisa K. Simon",2025,NBER Working Papers,,,,
10.3386/w32106,Copyright Policy Options for Generative Artificial Intelligence,Joshua S. Gans,2024,NBER Working Papers,,,,
10.1111/jofi.13263,Moral Hazard versus Liquidity in Household Bankruptcy,SASHA INDARTE,2023,The Journal of Finance,,,,
10.3386/w34220,Banks’ Images: Evidence from Advertising Videos,"Xugan Chen, Allen Hu, Song Ma",2025,NBER Working Papers,,,,
10.3386/w33592,The Economics of Healthcare Fraud,"Jetson Leder-Luis, Anup Malani",2025,NBER Working Papers,,,,
10.3386/w33774,Entrepreneurial Spawning from Remote Work,"Alan Kwan, Ben Matthies, Richard R. Townsend, Ting Xu",2025,NBER Working Papers,,,,
10.3386/w33470,An Alpha in Affordable Housing?,"Sven Damen, Matthijs Korevaar, Stijn Van Nieuwerburgh",2025,NBER Working Papers,,,,
10.3386/w34293,Improving Judicial Protection in Intimate Partner Violence Cases: The Role of Specialized Courts and Judges,"Carolina Arteaga, Gustavo J. Bobonis, Paola Salardi, Dario Toman",2025,NBER Working Papers,,,,
10.3386/w34197,Understanding Patenting Disparities via Causal Human+Machine Learning,"Lin William Cong, Stephen Q. Yang",2025,NBER Working Papers,,,,
10.3386/w34266,Where Collateral Sleeps,"Gary B. Gorton, Chase P. Ross, Sharon Y. Ross",2025,NBER Working Papers,,,,
10.3386/w33821,Natural Language Processing and Innovation Research,"Antonin Bergeaud, Adam B. Jaffe, Dimitris Papanikolaou",2025,NBER Working Papers,,,,
10.3386/w33895,Measuring Industrial Policy: A Text-Based Approach,"Réka Juhász, Nathan J. Lane, Emily Oehlsen, Veronica C. Perez",2025,NBER Working Papers,,,,
10.3386/w33947,"Culture, Policy, and Economic Development","Natalie Bau, Sara Lowes, Eduardo Montero",2025,NBER Working Papers,,,,
10.1093/qje/qjaf022,Systemic Discrimination: Theory and Measurement,"J Aislinn Bohren, Peter Hull, Alex Imas",2025,The Quarterly Journal of Economics,,,,
10.3386/w32589,Emotions and Subjective Crash Beliefs,"William N. Goetzmann, Dasol Kim, Robert J. Shiller",2024,NBER Working Papers,"Over the past two decades, respondents to the Shiller Investor Confidence Surveys have assessed the probability of a catastrophic stock market crash to be much higher than the historical frequency of such events. We decompose these crash probabilities into fundamental and subjective components and use a large language model to estimate the emotional content of respondent narratives. The subjective crash component is strongly associated with high negative affect. We use respondent location to test how news of unusual exogenous shocks affects crash belief formation. The results are consistent the risk-as-feelings hypothesis and suggest a path by which emotional response to news about salient events may play a role in the scale and variation in investor beliefs about rare disasters.",,,
10.3386/w32220,Movies,"Stelios Michalopoulos, Christopher Rauh",2024,NBER Working Papers,,,,
10.3386/w32484,Why Doesn’t the United States Have National Health Insurance? The Political Role of the American Medical Association,"Marcella Alsan, Yousra Neberai",2024,NBER Working Papers,,,,
10.3386/w32210,Portfolio Flows and Household Portfolios,"Daniel Marcel te Kaat, Chang Ma, Alessandro Rebucci",2024,NBER Working Papers,,,,
10.3386/w32136,The Government Patent Register: A New Resource for Measuring U.S. Government-Funded Patenting,"Daniel P. Gross, Bhaven N. Sampat",2024,NBER Working Papers,,,,
10.3386/w33168,"Textual Factors: A Scalable, Interpretable, and Data-driven Approach to Analyzing Unstructured Information","Lin William Cong, Tengyuan Liang, Xiao Zhang, Wu Zhu",2024,NBER Working Papers,,,,
10.3386/w32712,Billionaire Superstar: Public Image and Demand for Taxation,"Ricardo Perez-Truglia, Jeffrey Yusof",2024,NBER Working Papers,,,,
10.3386/w32719,The Employment Effects of a Guaranteed Income: Experimental Evidence from Two U.S. States,"Eva Vivalt, Elizabeth Rhodes, Alexander W. Bartik, David E. Broockman, Patrick Krause, Sarah Miller",2024,NBER Working Papers,,,,
10.3386/w31502,Financial Machine Learning,"Bryan T. Kelly, Dacheng Xiu",2023,NBER Working Papers,,,,
10.3386/w31161,Generative AI at Work,"Erik Brynjolfsson, Danielle Li, Lindsey R. Raymond",2023,NBER Working Papers,,,,
10.1016/j.jfineco.2021.01.003,Does personal liability deter individuals from serving as independent directors?,"S. Lakshmi Naaraayanan, Kasper Meisner Nielsen",2021,Journal of Financial Economics,,,no_repository,
10.3386/w23877,Cognitive and Noncognitive Skills and the Selection and Sorting of Migrants,"Aline Bütikofer, Giovanni Peri",2017,NBER Working Papers,,,,
10.1093/rfs/hhx037,Tax Rates and Corporate Decision-making,"John R. Graham, Michelle Hanlon, Terry Shevlin, Nemit Shroff",2017,The Review of Financial Studies,,,,
10.3386/w21564,Low-Frequency Econometrics,"Ulrich K. Müller, Mark W. Watson",2015,NBER Working Papers,,,,
10.1016/j.jfineco.2011.03.018,Do small shareholders count?,"Eugene Kandel, Massimo Massa, Andrei Simonov",2011,Journal of Financial Economics,,,,
10.1016/j.jfineco.2025.104054,Collateral value uncertainty and mortgage credit provision,"Erica Xuewei Jiang, Anthony Lee Zhang",2025,Journal of Financial Economics,,,unanalyzed_repo,https://data.mendeley.com/datasets/tw2jm3fh3g/1
10.3386/w34330,Making AI Count: The Next Measurement Frontier,"Diane Coyle, John Lourenze S. Poquiz",2025,NBER Working Papers,,,,
10.3386/w33489,High-Speed Rail and China's Electric Vehicle Adoption Miracle,"Hanming Fang, Ming Li, Long Wang, Zoe Yang",2025,NBER Working Papers,,,,
10.3386/w33323,Technological Disruption in the Labor Market,"David J. Deming, Christopher Ong, Lawrence H. Summers",2025,NBER Working Papers,,,,
10.3386/w34313,Understanding and Addressing Temperature Impacts on Mortality,"Marshall Burke, Andrew J. Wilson, Tumenkhusel Avirmed, Jonas Wallstein, Mariana C. M. Martins, Patrick Behrer, Christopher W. Callahan, Marissa Childs, June Choi, Karina French, Carlos F. Gould, Sam Heft-Neal, Renzhi Jing, Minghao Qiu, Lisa Rennels, Emma Krasovich Southworth",2025,NBER Working Papers,,,,
10.3386/w34054,"AI-Powered Trading, Algorithmic Collusion, and Price Efficiency","Winston Wei Dou, Itay Goldstein, Yan Ji",2025,NBER Working Papers,,,,
10.3386/w32579,Property Insurance and Disaster Risk: New Evidence from Mortgage Escrow Data,"Benjamin J. Keys, Philip Mulder",2024,NBER Working Papers,,,,
10.3386/w32505,How Successful Public Health Interventions Fail: Regulating Prostitution in Nineteenth-Century Britain,"Grant Goehring, W. Walker Hanlon",2024,NBER Working Papers,,,,
10.3386/w32966,The Rapid Adoption of Generative AI,"Alexander Bick, Adam Blandin, David J. Deming",2024,NBER Working Papers,,,,
10.3386/w33117,Taming the Curse of Dimensionality: Quantitative Economics with Deep Learning,"Jesús Fernández-Villaverde, Galo Nuño, Jesse Perla",2024,NBER Working Papers,,,,
10.1016/j.jeconom.2023.105519,What is uncertainty in today’s practice of data science?,Bin Yu,2023,Journal of Econometrics,,,,
10.1016/j.jfineco.2023.06.001,"Creditor rights, collateral reuse, and credit supply",Brittany Almquist Lewis,2023,Journal of Financial Economics,,,partial_data,https://doi.org/10.17632/vygrym46ph.2
10.3386/w31739,Resilience in Vertical Supply Chains,"Gene M. Grossman, Elhanan Helpman, Alejandro Sabal",2023,NBER Working Papers,,,,
10.3386/w31910,"Automation: Theory, Evidence, and Outlook",Pascual Restrepo,2023,NBER Working Papers,,,,
10.1257/aer.20200146,Signaling and Employer Learning with Instruments,"Gaurab Aryal, Manudeep Bhuller, Fabian Lange",2022,American Economic Review,,,full_data,https://www.openicpsr.org/openicpsr/project/159781/version/V1/view
10.3386/w30565,Calculating the Costs and Benefits of Advance Preparations for Future Pandemics,"Rachel Glennerster, Christopher M. Snyder, Brandon Joel Tan",2022,NBER Working Papers,,,,
10.1257/pol.20180294,Fiscal Transfers in the Spatial Economy,"Marcel Henkel, Tobias Seidel, Jens Suedekum",2021,American Economic Journal: Economic Policy,,,partial_data,https://www.openicpsr.org/openicpsr/project/126141/version/V1/view
10.3386/w28871,This Time is Not so Different: Income Dynamics During the COVID-19 Recession,"Brian D. Bell, Nicholas Bloom, Jack Blundell",2021,NBER Working Papers,,,,
10.3386/w27281,Nonlinear Production Networks with an Application to the Covid-19 Crisis,"David Baqaee, Emmanuel Farhi",2020,NBER Working Papers,,,,
10.1257/mac.20180105,Unemployment Cycles,"Jan Eeckhout, Ilse Lindenlaub",2019,American Economic Journal: Macroeconomics,,,full_data,https://www.openicpsr.org/openicpsr/project/116422/version/V1/view
10.3386/w25348,Identity Politics and Trade Policy,"Gene M. Grossman, Elhanan Helpman",2018,NBER Working Papers,,,,
10.3386/w25155,The Role of Exporters and Domestic Producers in GVCs: Evidence for Belgium based on Extended National Supply-and-Use Tables Integrated into a Global Multiregional Input-Output Table,"Bernhard Michel, Caroline Hambÿe, Bart Hertveldt",2018,NBER Working Papers,,,,
10.3386/w24676,Mood Betas and Seasonalities in Stock Returns,"David Hirshleifer, Danling Jiang, Yuting Meng",2018,NBER Working Papers,"Existing research has documented cross-sectional seasonality of stock returns—the periodic outperformance of certain stocks during the same calendar months or weekdays. A model in which assets differ in their sensitivities to investor mood explains these effects and implies other seasonal patterns. We find that relative performance across individual stocks or stock portfolios during past high or low mood months and weekdays tends torecur/reversein periods with congruent/noncongruent mood. Furthermore, assets with higher sensitivities to aggregate mood—highermood betas— subsequently earn higher/lower returns during high/low mood periods, including those induced by Daylight Saving Time changes, weather conditions and anticipation of major holidays.",,,
10.3386/w23132,The Recent Growth Boom in Developing Economies: A Structural Change Perspective,"Xinshen Diao, Margaret McMillan, Dani Rodrik",2017,NBER Working Papers,,,,
10.3386/w24081,The Impact of Bank Credit on Labor Reallocation and Aggregate Industry Productivity,"John (Jianqiu) Bai, Daniel Carvalho, Gordon M. Phillips",2017,NBER Working Papers,,,,
10.1257/aer.115.4.1059,Presidential Address: The Economist as Designer in the Innovation Process for Socially Impactful Digital Products,Susan Athey,2025,American Economic Review,,,unanalyzed_repo,https://www.openicpsr.org/openicpsr/project/231021/version/V1/view
10.3982/ecta21319,Making Subsidies Work: Rules versus Discretion,"Federico Cingano, Filippo Palomba, Paolo Pinotti, Enrico Rettore",2025,Econometrica,,,,
10.1016/j.jeconom.2025.105970,Machine Learning for Economic Policy,"Maryam Haghighi, Andreas Joseph, George Kapetanios, Christopher Kurz, Michele Lenza, Juri Marcucci",2025,Journal of Econometrics,,,,
10.3386/w34520,Information Acquisition By Mutual Fund Investors: Evidence from Stock Trading Suspensions,"Clemens Sialm, David X. Xu",2025,NBER Working Papers,,,,
10.3386/w34441,Leaving Money on the Dashboard: Price Dispersion and Search Frictions on Uber and Lyft,"Jeffrey Fossett, Michael Luca, Yejia Xu",2025,NBER Working Papers,,,,
10.3386/w34488,Social Dynamics of AI Adoption,"Leonardo Bursztyn, Alex Imas, Rafael Jiménez-Durán, Aaron Leonard, Christopher Roth",2025,NBER Working Papers,,,,
10.3386/w33561,New Data and Insights in Regional and Urban Economics,"Ran Abramitzky, Leah Platt Boustan, Adam Storeygard",2025,NBER Working Papers,,,,
10.3386/w33677,Talk Therapy and Human Capital in Adolescence: Evidence from Nepal,"Eric V. Edmonds, Priya Mukherjee, Nikhilesh Prakash, Nishith Prakash, Shwetlena Sabarwal",2025,NBER Working Papers,,,,
10.3386/w33413,Climate Transition Risks and the Energy Sector,"Viral V. Acharya, Stefano Giglio, Stefano Pastore, Johannes Stroebel, Zhenhao Tan, Tiffany Yong",2025,NBER Working Papers,,,,
10.3386/w34424,The Price of Intelligence: How Should Socially-minded Firms Price and Deploy AI?,"Nils H. Lehr, Pascual Restrepo",2025,NBER Working Papers,,,,
10.3386/w34468,"The Coasean Singularity? Demand, Supply, and Market Design with AI Agents","Peyman Shahidi, Gili Rusak, Benjamin S. Manning, Andrey Fradkin, John J. Horton",2025,NBER Working Papers,,,,
10.3386/w34132,Control Without Ownership: Governance of Nonprofit Hospitals,"Katharina Lewellen, Gordon M. Phillips, Giorgo Sertsios",2025,NBER Working Papers,,,,
10.3386/w33791,Separation of Church and State Curricula? Examining Public and Religious Private School Textbooks,"Anjali Adukia, Emileigh Harrison",2025,NBER Working Papers,,,,
10.3386/w33795,Shifting Work Patterns with Generative AI,"Eleanor W. Dillon, Sonia Jaffe, Nicole Immorlica, Christopher T. Stanton",2025,NBER Working Papers,,,,
10.3386/w33846,What Do People Want?,"Daniel J. Benjamin, Kristen B. Cooper, Ori Heffetz, Miles S. Kimball, Tushar Kundu",2025,NBER Working Papers,,,,
10.3386/w33867,Artificial Intelligence and Technological Unemployment,"Ping Wang, Tsz-Nga Wong",2025,NBER Working Papers,,,,
10.3386/w33941,Expertise,"David Autor, Neil Thompson",2025,NBER Working Papers,,,,
10.3386/w34012,Do Workforce Development Programs Bridge the Skills Gap?,"Eleanor W. Dillon, Lisa B. Kahn, Joanna Venator, Michael Dalton",2025,NBER Working Papers,,,,
10.3386/w32682,"McCarthyism, Media, and Political Repression: Evidence from Hollywood","Hui Ren Tan, Tianyi Wang",2024,NBER Working Papers,,,,
10.3386/w32768,Deep Learning for Economists,Melissa Dell,2024,NBER Working Papers,,,,
10.3386/w32540,Algorithmic Pricing: Implications for Marketing Strategy and Regulation,"Martin Spann, Marco Bertini, Oded Koenigsberg, Robert Zeithammer, Diego Aparicio, Yuxin Chen, Fabrizio Fantini, Ginger Zhe Jin, Vicki Morwitz, Peter Popkowski Leszczyc, Maria Ana Vitorino, Gizem Yalcin Williams, Hyesung Yoo",2024,NBER Working Papers,,,,
10.3386/w32487,The Simple Macroeconomics of AI,Daron Acemoglu,2024,NBER Working Papers,,,,
10.3386/w33158,Economic Surveillance using Corporate Text,"Tarek Alexander Hassan, Stephan Hollander, Aakash Kalyani, Laurence van Lent, Markus Schwedeler, Ahmed Tahoun",2024,NBER Working Papers,,,,
10.3386/w31334,De-skilling: Evidence from Late Nineteenth Century American Manufacturing,"Jeremy Atack, Robert A. Margo, Paul Rhode",2023,NBER Working Papers,,,,
10.3386/w31295,Specialization Trends in Economics Research: A Large-Scale Study Using Natural Language Processing and Citation Analysis,"Sebastian Galiani, Ramiro H. Gálvez, Ian Nachman",2023,NBER Working Papers,,,,
10.3386/w31721,Credit Supply Shocks and Firm Dynamics: Evidence from Brazil,"Samuel Bazzi, Marc-Andreas Muendler, Raquel F. Oliveira, James E. Rauch",2023,NBER Working Papers,,,,
10.3386/w29788,Ideas Have Consequences: The Impact of Law and Economics on American Justice,"Elliott Ash, Daniel L. Chen, Suresh Naidu",2022,NBER Working Papers,,,,
10.3386/w27297,The Food Problem and the Aggregate Productivity Consequences of Climate Change,Ishan B. Nath,2020,NBER Working Papers,,,,
10.1093/rfs/hhaa129,Review Article: Perspectives on the Future of Asset Pricing,"Markus Brunnermeier, Emmanuel Farhi, Ralph S J Koijen, Arvind Krishnamurthy, Sydney C Ludvigson, Hanno Lustig, Stefan Nagel, Monika Piazzesi",2020,The Review of Financial Studies,,,no_repository,
10.3386/w18620,Firm/Employee Matching: An Industry Study of American Lawyers,"Paul Oyer, Scott Schaefer",2012,NBER Working Papers,,,,
10.1111/jofi.12003,Divisional Managers and Internal Capital Markets,"RAN DUCHIN, DENIS SOSYURA",2012,The Journal of Finance,,,,
10.1016/j.jeconom.2025.106163,Text-term selection and analysis: Frequentist and Bayesian strategies and interpretations,"Cathy Yi-Hsuan Chen, George Kapetanios, Wei-Biao Wu",2025,Journal of Econometrics,,,,
10.3386/w33924,Using AI to Generate Option C Scaling Ideas: A Case Study in Early Education,"Faith Fatchen, John A. List, Francesca Pagnotta",2025,NBER Working Papers,,,,
10.3386/w33810,Partisan Corporate Speech,"William M. Cassidy, Elisabeth Kempf",2025,NBER Working Papers,,,,
10.3386/w33358,Technology Sophistication Across Establishments,"Diego A. Comin, Xavier Cirera, Marcio Cruz",2025,NBER Working Papers,,,,
10.3386/w34034,The Economics of Bicycles for the Mind,"Ajay K. Agrawal, Joshua S. Gans, Avi Goldfarb",2025,NBER Working Papers,,,,
10.3386/w33669,How Good is AI at Twisting Arms? Experiments in Debt Collection,"James J. Choi, Dong Huang, Zhishu Yang, Qi Zhang",2025,NBER Working Papers,,,,
10.3386/w33681,Putting Economics Back Into Geoeconomics,"Christopher Clayton, Matteo Maggiori, Jesse Schreger",2025,NBER Working Papers,,,,
10.3386/w33728,"Field Choice, Skill Specificity, and Labor Market Disruptions","Valerie Smeets, Lin Tian, Sharon Traiberman",2025,NBER Working Papers,,,,
10.3386/w33777,"Large Language Models, Small Labor Market Effects","Anders Humlum, Emilie Vestergaard",2025,NBER Working Papers,,,,
10.3386/w34353,What the Mercantilists Got Right,Dani Rodrik,2025,NBER Working Papers,,,,
10.3386/w34090,New Economic Forces Behind the Value Distribution of Innovation,"Timothy F. Bresnahan, Shane Greenstein, Pai-Ling Yin",2025,NBER Working Papers,,,,
10.3386/w34100,"GenAI Misinformation, Trust, and News Consumption: Evidence from a Field Experiment","Filipe R. Campante, Ruben Durante, Felix Hagemeister, Ananya Sen",2025,NBER Working Papers,,,,
10.3386/w34243,Do Markets Believe in Transformative AI?,"Isaiah Andrews, Maryam Farboodi",2025,NBER Working Papers,,,,
10.1093/rfs/hhaf068,Why Do Investors Like Short-leg Securities? Evidence from a Textual Analysis of Buy Recommendations,"Hailiang Chen, Byoung-Hyoun Hwang, Zhuozhen Peng",2025,The Review of Financial Studies,,,no_repository,
10.3386/w32319,Tracking Firm Use of AI in Real Time: A Snapshot from the Business Trends and Outlook Survey,"Kathryn Bonney, Cory Breaux, Cathy Buffington, Emin Dinlersoz, Lucia S. Foster, Nathan Goldschlag, John C. Haltiwanger, Zachary Kroff, Keith Savage",2024,NBER Working Papers,,,,
10.3386/w32533,Post-Neoliberal Globalization: International Trade Rules for Global Prosperity,"Martin M. Guzman, Joseph E. Stiglitz",2024,NBER Working Papers,,,,
10.3386/w32686,Will User-Contributed AI Training Data Eat Its Own Tail?,Joshua S. Gans,2024,NBER Working Papers,,,,
10.3386/w32105,How Learning About Harms Impacts the Optimal Rate of Artificial Intelligence Adoption,Joshua S. Gans,2024,NBER Working Papers,,,,
10.3386/w32255,Scenarios for the Transition to AGI,"Anton Korinek, Donghyun Suh",2024,NBER Working Papers,,,,
10.3386/w32443,Employer 401(k) Matches for Student Debt Repayment: Killing Two Birds with One Stone?,"Vanya Horneff, Raimond Maurer, Olivia S. Mitchell",2024,NBER Working Papers,,,,
10.3386/w32980,Economic Policy Challenges for the Age of AI,Anton Korinek,2024,NBER Working Papers,,,,
10.3386/w31538,The New Economics of Industrial Policy,"Réka Juhász, Nathan J. Lane, Dani Rodrik",2023,NBER Working Papers,,,,
10.3386/w31558,Artificial Intelligence and Scientific Discovery: A Model of Prioritized Search,"Ajay K. Agrawal, John McHale, Alexander Oettl",2023,NBER Working Papers,"We model a key step in the innovation process, hypothesis generation, as the making of predictions over a vast combinatorial space. Traditionally, scientists and innovators use theory or intuition to guide their search. Increasingly, however, they use artificial intelligence (AI) instead. We model innovation as resulting from sequential search over a combinatorial design space, where the prioritization of costly tests is achieved using a predictive model. We represent the ranked output of the predictive model in the form of a hazard function. We then use discrete survival analysis to obtain the main innovation outcomes of interest – the probability of innovation, expected search duration, and expected profit. We describe conditions under which shifting from the traditional method of hypothesis generation, using theory or intuition, to instead using AI that generates higher fidelity predictions, results in a higher likelihood of successful innovation, shorter search durations, and higher expected profits. We then explore the complementarity between hypothesis generation and hypothesis testing; potential gains from AI may not be realized without significant investment in testing capacity. We discuss the policy implications.",,,
10.3386/w31481,The Impact of Money in Politics on Labor and Capital: Evidence from Citizens United v. FEC,"Pat Akey, Tania Babina, Greg Buchak, Ana-Maria Tenekedjieva",2023,NBER Working Papers,,,,
10.3386/w30726,Noise-Robust De-Duplication at Scale,"Emily Silcock, Luca D'Amico-Wong, Jinglin Yang, Melissa Dell",2022,NBER Working Papers,,,,
10.1257/pol.20180033,Optimal Income Taxation with Unemployment and Wage Responses: A Sufficient Statistics Approach,"Kory Kroft, Kavan Kucko, Etienne Lehmann, Johannes Schmieder",2020,American Economic Journal: Economic Policy,,,partial_data,https://www.openicpsr.org/openicpsr/project/231592/version/V1/view
10.1016/j.jfineco.2020.02.003,Mood beta and seasonalities in stock returns,"David Hirshleifer, Danling Jiang, Yuting Meng DiGiovanni",2020,Journal of Financial Economics,,,no_repository,
10.1111/jofi.12952,"No Job, No Money, No Refi: Frictions to Refinancing in a Recession","ANTHONY A. DEFUSCO, JOHN MONDRAGON",2020,The Journal of Finance,,,,
10.3386/w25495,"Does Parental Quality Matter? Evidence on the Transmission of Human Capital Using Variation in Parental Influence from Death, Divorce, and Family Size","Eric Gould, Avi Simhon, Bruce A. Weinberg",2019,NBER Working Papers,,,,
10.3386/w25885,Signaling and Employer Learning with Instruments,"Gaurab Aryal, Manudeep Bhuller, Fabian Lange",2019,NBER Working Papers,,,,
10.1016/j.jeconom.2017.06.020,Nonparametric conditional quantile estimation: A locally weighted quantile kernel approach,"Jeffrey S. Racine, Kevin Li",2017,Journal of Econometrics,,,,
10.3386/w23998,A Note on Variance Decomposition with Local Projections,"Yuriy Gorodnichenko, Byoungchan Lee",2017,NBER Working Papers,,,,
10.3386/w17306,A Political Theory of Populism,"Daron Acemoglu, Georgy Egorov, Konstantin Sonin",2011,NBER Working Papers,,,,
10.1016/j.jeconom.2022.12.011,Jackknife estimation of a cluster-sample IV regression model with many weak instruments,"John C. Chao, Norman R. Swanson, Tiemen Woutersen",2023,Journal of Econometrics,,,,
10.1093/rfs/hhz020,"Private Contracting, Law and Finance","Graeme G Acheson, Gareth Campbell, John D Turner",2019,The Review of Financial Studies,,,,
10.1257/mic.5.1.63,On the Relationship between Preferential and Multilateral Trade Liberalization: The Case of Customs Unions,"Kamal Saggi, Alan Woodland, Halis Murat Yildiz",2013,American Economic Journal: Microeconomics,,,no_repository,
10.3982/ecta18515,Automatic Debiased Machine Learning of Causal and Structural Effects,"Victor Chernozhukov, Whitney K. Newey, Rahul Singh",2022,Econometrica,,,,
10.1016/j.jfineco.2020.04.003,"Limited liability and investment: Evidence from changes in marital property laws in the US South, 1840–1850","Peter Koudijs, Laura Salisbury",2020,Journal of Financial Economics,,,unanalyzed_repo,https://doi.org/10.3886/icpsr02896
10.1016/j.jfineco.2017.01.006,It pays to write well,"Byoung-Hyoun Hwang, Hugh Hoikwang Kim",2017,Journal of Financial Economics,,,,
10.1093/qje/qjv005,The Response of Drug Expenditure to Nonlinear Contract Design: Evidence from Medicare Part D,"Liran Einav, Amy Finkelstein, Paul Schrimpf",2015,The Quarterly Journal of Economics,,,,
10.1016/j.jeconom.2012.03.003,International market links and volatility transmission,"Valentina Corradi, Walter Distaso, Marcelo Fernandes",2012,Journal of Econometrics,,,,
10.3386/w30683,Responsible Sourcing? Theory and Evidence from Costa Rica,"Alonso Alfaro-Urena, Benjamin Faber, Cecile Gaubert, Isabela Manelici, Jose P. Vasquez",2022,NBER Working Papers,,,,
10.1093/qje/qjac044,Let the Worst One Fail: A Credible Solution to the Too-Big-To-Fail Conundrum,"Thomas Philippon, Olivier Wang",2022,The Quarterly Journal of Economics,,,,
10.1093/rfs/hhac075,The Dynamics of Disagreement,"Kent Daniel, Alexander Klos, Simon Rottke",2022,The Review of Financial Studies,,,no_repository,
10.1257/aer.109.6.2015,Can We Control Carbon Dioxide? (from 1975),William D. Nordhaus,2019,American Economic Review,,,no_repository,
10.3386/w26144,A Unified Welfare Analysis of Government Policies,"Nathaniel Hendren, Ben Sprung-Keyser",2019,NBER Working Papers,,,,
10.3386/w18911,A Theory of the Competitive Saving Motive,"Qingyuan Du, Shang-Jin Wei",2013,NBER Working Papers,,,,
10.3386/w17586,Sovereign CDS and Bond Pricing Dynamics in the Euro-area,"Giorgia Palladini, Richard Portes",2011,NBER Working Papers,,,,
10.3386/w34014,Optimal Estimation of Two-Way Effects under Limited Mobility,"Xu Cheng, Sheng Chao Ho, Frank Schorfheide",2025,NBER Working Papers,,,,
10.3386/w24868,"The Role of Industry, Occupation, and Location-Specific Knowledge in the Survival of New Firms","C. Jara Figueroa, Bogang Jun, Edward L. Glaeser, César Hidalgo",2018,NBER Working Papers,,,,
